image_id,prediction,confidence
test_00001,0,0.9528734683990479
test_00002,0,1.0
test_00003,0,0.9990880489349365
test_00004,0,0.9977450966835022
test_00005,1,0.8595930933952332
test_00006,0,0.9967538714408875
test_00007,0,0.998723566532135
test_00008,0,0.9865069389343262
test_00009,0,0.9986149072647095
test_00010,0,0.919026792049408
test_00011,0,0.9864373803138733
test_00012,0,0.9977723956108093
test_00013,0,0.9971516728401184
test_00014,0,0.9923481941223145
test_00015,0,0.9892216920852661
test_00016,0,0.9824276566505432
test_00017,0,0.9399955868721008
test_00018,0,0.9996592998504639
test_00019,0,0.9984281063079834
test_00020,0,0.9887166023254395
test_00021,0,0.9923743605613708
test_00022,0,0.9905717372894287
test_00023,0,0.9079709053039551
test_00024,0,0.9901494979858398
test_00025,0,0.9879376292228699
test_00026,0,0.9864791035652161
test_00027,0,0.9904526472091675
test_00028,0,0.9905896186828613
test_00029,0,0.9985060691833496
test_00030,0,0.9944314360618591
test_00031,0,0.9962455630302429
test_00032,0,0.9931282997131348
test_00033,0,0.9993896484375
test_00034,0,0.9980820417404175
test_00035,0,0.972821056842804
test_00036,0,0.9397429823875427
test_00037,0,0.9894780516624451
test_00038,0,0.9272045493125916
test_00039,0,0.9920420050621033
test_00040,0,0.9890110492706299
test_00041,0,0.9921553730964661
test_00042,0,0.9956366419792175
test_00043,0,0.9977374076843262
test_00044,0,0.9958528280258179
test_00045,0,0.9508956074714661
test_00046,0,0.9984216690063477
test_00047,0,0.9980353713035583
test_00048,0,0.9953572154045105
test_00049,0,0.9998109936714172
test_00050,0,0.9999815225601196
test_00051,0,0.9850786924362183
test_00052,0,0.860620379447937
test_00053,0,0.9786016941070557
test_00054,0,0.9745482206344604
test_00055,0,0.9873448014259338
test_00056,0,0.9946730732917786
test_00057,0,0.9584643840789795
test_00058,0,0.9993041753768921
test_00059,0,0.8758150935173035
test_00060,0,0.9935064315795898
test_00061,0,0.9876734614372253
test_00062,0,0.9418476223945618
test_00063,0,0.9633970260620117
test_00064,0,0.9977511763572693
test_00065,0,0.9991482496261597
test_00066,0,0.9977866411209106
test_00067,0,0.9970589876174927
test_00068,0,0.999894380569458
test_00069,0,0.9931506514549255
test_00070,0,1.0
test_00071,0,0.9979019165039062
test_00072,0,0.9837557077407837
test_00073,0,0.9990645051002502
test_00074,0,0.9917478561401367
test_00075,0,0.7558679580688477
test_00076,0,0.9978602528572083
test_00077,0,0.9971189498901367
test_00078,0,0.9175374507904053
test_00079,0,0.9984365105628967
test_00080,0,0.9903535842895508
test_00081,0,0.9988641738891602
test_00082,0,0.9984920024871826
test_00083,0,0.9952108263969421
test_00084,0,0.7874116897583008
test_00085,0,0.9867970943450928
test_00086,0,0.9559996128082275
test_00087,0,0.7932674288749695
test_00088,0,0.9661563634872437
test_00089,0,0.9981683492660522
test_00090,0,0.9942909479141235
test_00091,0,0.9986581802368164
test_00092,0,0.9969532489776611
test_00093,0,0.9902778267860413
test_00094,0,0.9967137575149536
test_00095,1,0.6393678188323975
test_00096,0,0.9841078519821167
test_00097,0,0.9983131885528564
test_00098,0,0.9722131490707397
test_00099,0,0.9957024455070496
test_00100,0,0.9260503053665161
test_00101,0,0.9726493954658508
test_00102,0,0.9960467219352722
test_00103,0,0.9988508224487305
test_00104,0,0.9957507848739624
test_00105,0,0.977594256401062
test_00106,0,0.9985816478729248
test_00107,0,0.9962683916091919
test_00108,0,0.9995431900024414
test_00109,0,0.9977772831916809
test_00110,0,0.9657392501831055
test_00111,0,0.9846075177192688
test_00112,0,0.9973330497741699
test_00113,0,0.994581401348114
test_00114,0,0.9875923991203308
test_00115,0,0.9988242983818054
test_00116,0,0.9941874742507935
test_00117,0,0.9879457950592041
test_00118,0,0.9723141193389893
test_00119,0,0.9930661916732788
test_00120,0,0.8669533133506775
test_00121,0,0.9991257786750793
test_00122,0,0.9994820952415466
test_00123,0,0.9987117052078247
test_00124,0,0.9725534319877625
test_00125,0,0.9964640736579895
test_00126,0,0.9990862607955933
test_00127,0,0.9991229176521301
test_00128,0,0.6244540810585022
test_00129,0,0.9981416463851929
test_00130,0,0.9954792261123657
test_00131,0,0.9832995533943176
test_00132,0,0.9935107827186584
test_00133,0,0.5340169668197632
test_00134,0,0.9571056365966797
test_00135,0,0.9993389248847961
test_00136,0,0.9862895011901855
test_00137,0,0.9902680516242981
test_00138,0,0.9645775556564331
test_00139,0,0.9986024498939514
test_00140,0,0.9614694118499756
test_00141,1,0.8424882292747498
test_00142,0,0.9939272403717041
test_00143,0,0.9979471564292908
test_00144,0,0.9978553652763367
test_00145,0,0.9989110231399536
test_00146,0,0.9942136406898499
test_00147,0,0.9984128475189209
test_00148,0,0.9867842793464661
test_00149,0,0.9676459431648254
test_00150,0,0.9817687273025513
test_00151,0,0.997702419757843
test_00152,0,0.9982477426528931
test_00153,0,0.9432380199432373
test_00154,0,0.9929666519165039
test_00155,0,0.9965147972106934
test_00156,0,0.999764621257782
test_00157,0,0.9998700618743896
test_00158,0,0.9996280670166016
test_00159,0,0.9917168021202087
test_00160,0,0.988436222076416
test_00161,0,0.9976987242698669
test_00162,0,0.9556806087493896
test_00163,0,0.9969430565834045
test_00164,0,0.663455069065094
test_00165,0,0.9991865754127502
test_00166,0,0.9745442867279053
test_00167,0,0.9961555600166321
test_00168,0,0.9991377592086792
test_00169,0,0.998228132724762
test_00170,0,0.9739850759506226
test_00171,0,0.9932503700256348
test_00172,0,0.9809929728507996
test_00173,0,0.6535917520523071
test_00174,0,0.9520031213760376
test_00175,0,0.95119309425354
test_00176,1,0.6102472543716431
test_00177,0,0.8999456763267517
test_00178,0,0.988646388053894
test_00179,0,0.9687272906303406
test_00180,0,0.9508941769599915
test_00181,0,0.984310507774353
test_00182,0,0.9987438321113586
test_00183,0,0.9988067150115967
test_00184,0,0.9322322607040405
test_00185,0,0.9974676370620728
test_00186,0,0.9983487129211426
test_00187,0,0.9961180686950684
test_00188,0,0.9519378542900085
test_00189,0,0.9543601274490356
test_00190,0,0.999427855014801
test_00191,0,0.6072792410850525
test_00192,0,0.9780727028846741
test_00193,0,0.9891013503074646
test_00194,0,0.9890674948692322
test_00195,0,0.9143691062927246
test_00196,0,0.9852302670478821
test_00197,0,0.9965386390686035
test_00198,0,0.9852123260498047
test_00199,0,0.9990463852882385
test_00200,0,0.9730490446090698
test_00201,1,0.5578736662864685
test_00202,0,0.997763991355896
test_00203,0,0.7499358654022217
test_00204,0,0.9203469157218933
test_00205,0,0.9955487251281738
test_00206,0,0.9988277554512024
test_00207,0,0.9729798436164856
test_00208,0,0.9022397994995117
test_00209,0,0.944929838180542
test_00210,0,0.9680688381195068
test_00211,0,0.9928275942802429
test_00212,0,0.9924421310424805
test_00213,0,0.9977195858955383
test_00214,0,0.9951003193855286
test_00215,0,0.9718641042709351
test_00216,0,0.9956381916999817
test_00217,0,0.8943860530853271
test_00218,0,0.9808135628700256
test_00219,0,0.9670363664627075
test_00220,0,0.9954285621643066
test_00221,0,0.997606635093689
test_00222,0,0.996709942817688
test_00223,0,0.9990795850753784
test_00224,0,0.9916470050811768
test_00225,0,0.989326000213623
test_00226,0,0.9990645051002502
test_00227,0,0.9965770840644836
test_00228,0,0.6038774847984314
test_00229,1,0.6282377243041992
test_00230,0,0.9433536529541016
test_00231,0,0.9681230187416077
test_00232,0,0.9989500641822815
test_00233,1,0.8163788914680481
test_00234,0,0.7731716632843018
test_00235,0,0.9964845180511475
test_00236,0,0.996441662311554
test_00237,0,0.9384738802909851
test_00238,0,0.9905576705932617
test_00239,0,0.7371478080749512
test_00240,0,0.5057891607284546
test_00241,0,0.9999995231628418
test_00242,0,0.9750467538833618
test_00243,0,0.995101273059845
test_00244,1,0.7588805556297302
test_00245,0,0.9247748851776123
test_00246,0,0.8533443808555603
test_00247,0,0.8284270763397217
test_00248,0,0.9778150916099548
test_00249,0,0.8751782178878784
test_00250,0,0.9981132745742798
test_00251,0,0.997962236404419
test_00252,0,0.647878110408783
test_00253,0,0.9595431089401245
test_00254,0,0.9977110624313354
test_00255,0,0.9762133359909058
test_00256,0,0.9803298711776733
test_00257,0,0.9937410950660706
test_00258,1,0.5447896122932434
test_00259,0,0.999434769153595
test_00260,0,0.9964978098869324
test_00261,0,0.9315977096557617
test_00262,0,0.994695246219635
test_00263,0,0.9960551261901855
test_00264,0,0.9747273921966553
test_00265,0,0.9972883462905884
test_00266,0,0.9844480752944946
test_00267,0,0.9973424077033997
test_00268,0,0.9927932024002075
test_00269,0,0.9939397573471069
test_00270,0,0.5902008414268494
test_00271,0,0.9951629638671875
test_00272,0,0.9989387392997742
test_00273,0,0.9977892637252808
test_00274,0,0.9311637282371521
test_00275,0,0.9966064691543579
test_00276,0,0.9930735230445862
test_00277,0,0.9344043731689453
test_00278,0,0.9998407363891602
test_00279,0,0.9918336868286133
test_00280,0,0.9921316504478455
test_00281,0,0.6010002493858337
test_00282,0,0.979778528213501
test_00283,0,0.9987228512763977
test_00284,0,0.9757399559020996
test_00285,0,0.8120482563972473
test_00286,0,0.9361744523048401
test_00287,0,0.650155782699585
test_00288,0,0.9741472601890564
test_00289,0,0.9976091384887695
test_00290,0,0.939690351486206
test_00291,0,0.9967451095581055
test_00292,0,0.9321526885032654
test_00293,0,0.9953910112380981
test_00294,0,0.9946065545082092
test_00295,0,0.9917258024215698
test_00296,0,0.9563156962394714
test_00297,0,0.9701695442199707
test_00298,0,0.9948418736457825
test_00299,0,0.9996179342269897
test_00300,0,0.9813051819801331
test_00301,0,0.7942474484443665
test_00302,1,0.8081769943237305
test_00303,1,0.857704758644104
test_00304,0,0.9968775510787964
test_00305,0,0.9998838901519775
test_00306,0,0.9890158772468567
test_00307,0,0.9967705011367798
test_00308,0,0.9997410178184509
test_00309,0,0.9404744505882263
test_00310,0,0.9976754784584045
test_00311,0,0.9982631802558899
test_00312,0,0.8926698565483093
test_00313,0,0.9992784857749939
test_00314,0,0.9990420937538147
test_00315,0,0.9568396210670471
test_00316,0,0.9263759255409241
test_00317,0,0.9972835779190063
test_00318,1,0.7373074889183044
test_00319,0,0.9986156225204468
test_00320,0,0.9735754132270813
test_00321,0,0.9944719076156616
test_00322,0,0.9004133343696594
test_00323,0,0.9967271089553833
test_00324,0,0.7491662502288818
test_00325,0,0.9334208965301514
test_00326,0,0.9998480081558228
test_00327,0,0.9659338593482971
test_00328,0,0.9736533761024475
test_00329,0,0.9985079169273376
test_00330,0,0.9986407160758972
test_00331,0,0.9882280230522156
test_00332,0,0.9441110491752625
test_00333,0,0.9889510273933411
test_00334,0,0.9730747938156128
test_00335,0,0.9946258664131165
test_00336,0,0.9997548460960388
test_00337,1,0.8364987969398499
test_00338,0,0.9998694658279419
test_00339,0,0.9922618865966797
test_00340,0,0.977816641330719
test_00341,0,0.9988031387329102
test_00342,0,0.9867144227027893
test_00343,0,0.9993658661842346
test_00344,0,0.9820435047149658
test_00345,0,0.9999463558197021
test_00346,0,0.9975643157958984
test_00347,0,0.9977825284004211
test_00348,0,0.9672096967697144
test_00349,0,0.9954742789268494
test_00350,0,0.9948203563690186
test_00351,0,0.8210363984107971
test_00352,0,0.9989270567893982
test_00353,0,0.9987724423408508
test_00354,0,0.9914080500602722
test_00355,0,0.9440104365348816
test_00356,0,0.9152759909629822
test_00357,0,0.962062656879425
test_00358,0,0.995574951171875
test_00359,0,0.9994857311248779
test_00360,0,0.9993606209754944
test_00361,0,0.9739356637001038
test_00362,0,0.9938452839851379
test_00363,0,0.9947227239608765
test_00364,0,0.9887043833732605
test_00365,0,0.9981693029403687
test_00366,0,0.9635459780693054
test_00367,0,0.9962820410728455
test_00368,0,0.9547625780105591
test_00369,0,0.9996941089630127
test_00370,0,0.9938268065452576
test_00371,0,0.9976266026496887
test_00372,0,0.9909153580665588
test_00373,0,0.9819707870483398
test_00374,0,0.9950562715530396
test_00375,0,0.9998388290405273
test_00376,0,0.9983927607536316
test_00377,0,0.9979388117790222
test_00378,0,0.9962728023529053
test_00379,0,0.9964422583580017
test_00380,0,0.9980329871177673
test_00381,0,0.9264390468597412
test_00382,0,0.954954206943512
test_00383,0,0.9571644067764282
test_00384,0,0.9973133206367493
test_00385,0,0.8128243088722229
test_00386,0,0.8993048071861267
test_00387,0,0.9957484602928162
test_00388,0,0.989090621471405
test_00389,0,0.9921108484268188
test_00390,0,0.932174563407898
test_00391,0,0.9914755821228027
test_00392,0,0.9985275268554688
test_00393,0,0.9943490624427795
test_00394,0,0.9905771017074585
test_00395,0,0.9994810223579407
test_00396,0,0.988789439201355
test_00397,0,0.9982916712760925
test_00398,0,0.9950992465019226
test_00399,0,0.9413180947303772
test_00400,0,0.999815046787262
test_00401,0,0.9690147042274475
test_00402,0,0.9754146337509155
test_00403,0,0.9097480177879333
test_00404,0,0.9974096417427063
test_00405,0,0.9997215867042542
test_00406,0,0.989854633808136
test_00407,0,0.9649287462234497
test_00408,0,0.9907119870185852
test_00409,0,0.9998204112052917
test_00410,0,0.9866535067558289
test_00411,0,0.8814586997032166
test_00412,0,0.9849810600280762
test_00413,0,0.9993246793746948
test_00414,0,0.9012394547462463
test_00415,0,0.9988586902618408
test_00416,0,0.9992716908454895
test_00417,0,0.9240596294403076
test_00418,0,0.9904182553291321
test_00419,0,0.7996374368667603
test_00420,0,0.9442511200904846
test_00421,0,0.9912821054458618
test_00422,0,0.9901902675628662
test_00423,0,0.9717773199081421
test_00424,0,0.9986605644226074
test_00425,0,0.9343011379241943
test_00426,0,0.9985130429267883
test_00427,0,0.991776704788208
test_00428,0,0.9950657486915588
test_00429,0,0.9952127933502197
test_00430,0,0.9745493531227112
test_00431,0,0.9969051480293274
test_00432,0,0.9366106390953064
test_00433,0,0.9986181259155273
test_00434,0,0.9999972581863403
test_00435,0,0.9930451512336731
test_00436,1,0.7714036107063293
test_00437,0,0.9993034601211548
test_00438,0,0.9961243271827698
test_00439,0,0.9921301007270813
test_00440,0,0.957926869392395
test_00441,0,0.999816358089447
test_00442,0,0.9972488284111023
test_00443,0,0.9804885387420654
test_00444,0,0.9956209063529968
test_00445,0,0.989075779914856
test_00446,0,0.981214165687561
test_00447,0,0.9909048676490784
test_00448,0,0.950955331325531
test_00449,0,0.9928184747695923
test_00450,0,0.9986943602561951
test_00451,0,0.9473344683647156
test_00452,0,0.9998985528945923
test_00453,0,0.999243974685669
test_00454,0,0.8243206739425659
test_00455,0,0.9702962636947632
test_00456,0,0.587142825126648
test_00457,0,0.9989064931869507
test_00458,0,0.9701293110847473
test_00459,0,0.992496132850647
test_00460,0,0.9975519776344299
test_00461,0,0.9984434247016907
test_00462,0,0.9995224475860596
test_00463,0,0.9912517666816711
test_00464,0,0.9998630285263062
test_00465,0,0.9960297346115112
test_00466,0,0.9429762959480286
test_00467,0,0.9431272149085999
test_00468,0,0.9939875602722168
test_00469,0,0.9975226521492004
test_00470,0,0.9970353841781616
test_00471,0,0.9976819753646851
test_00472,0,0.9944789409637451
test_00473,0,0.9980188608169556
test_00474,0,0.999176561832428
test_00475,0,0.9933028221130371
test_00476,0,0.9870770573616028
test_00477,0,0.9816434979438782
test_00478,0,0.9989425539970398
test_00479,0,0.8544164896011353
test_00480,0,0.9893213510513306
test_00481,0,0.9992903470993042
test_00482,0,0.9999891519546509
test_00483,0,0.9985848665237427
test_00484,0,0.9952250719070435
test_00485,0,0.9652746319770813
test_00486,0,0.9993256330490112
test_00487,0,0.9968164563179016
test_00488,0,0.9993785619735718
test_00489,0,0.9999717473983765
test_00490,0,0.9999232292175293
test_00491,0,0.9952373504638672
test_00492,0,0.9995655417442322
test_00493,0,0.9913325905799866
test_00494,0,0.9613885283470154
test_00495,0,0.9987911581993103
test_00496,0,0.9984846711158752
test_00497,0,0.9893429279327393
test_00498,0,0.9987521171569824
test_00499,0,0.9942024350166321
test_00500,0,0.9794943332672119
test_00501,0,0.672580897808075
test_00502,0,0.9828485250473022
test_00503,0,0.9937831163406372
test_00504,0,0.7494085431098938
test_00505,0,0.9738271236419678
test_00506,0,0.9832891821861267
test_00507,0,0.9283568263053894
test_00508,0,0.9412859678268433
test_00509,0,0.9947827458381653
test_00510,0,0.8473613858222961
test_00511,0,0.9952861666679382
test_00512,0,0.915018618106842
test_00513,0,0.9954190254211426
test_00514,0,0.9418798685073853
test_00515,0,0.995039165019989
test_00516,0,0.9986648559570312
test_00517,0,0.9132364988327026
test_00518,0,0.997841477394104
test_00519,0,0.9890262484550476
test_00520,0,0.7859118580818176
test_00521,0,0.9884716272354126
test_00522,0,0.9916123151779175
test_00523,0,0.9920980930328369
test_00524,0,0.987557053565979
test_00525,0,0.6560210585594177
test_00526,0,0.9942933320999146
test_00527,0,0.9994737505912781
test_00528,0,0.9987105131149292
test_00529,0,0.9982739686965942
test_00530,0,0.9885696768760681
test_00531,0,0.9942160248756409
test_00532,0,0.9999717473983765
test_00533,0,0.9990854263305664
test_00534,0,0.9701017737388611
test_00535,0,0.9916037917137146
test_00536,0,0.9901058077812195
test_00537,0,0.9991669654846191
test_00538,0,0.9727792143821716
test_00539,0,0.5874186158180237
test_00540,0,0.9567098617553711
test_00541,0,0.9575541615486145
test_00542,0,0.8891963362693787
test_00543,0,0.8328914642333984
test_00544,0,0.9836424589157104
test_00545,0,0.6889057755470276
test_00546,0,0.9928926229476929
test_00547,0,0.9540350437164307
test_00548,0,0.9627297520637512
test_00549,0,0.9968852400779724
test_00550,0,0.9995805621147156
test_00551,0,0.9901655316352844
test_00552,0,0.9987667798995972
test_00553,0,0.9266483187675476
test_00554,0,0.8564060926437378
test_00555,0,0.9979473948478699
test_00556,0,0.9609577655792236
test_00557,0,0.9579920172691345
test_00558,0,0.9924029111862183
test_00559,0,0.9943799376487732
test_00560,0,0.9985650181770325
test_00561,0,0.9962934851646423
test_00562,0,0.9996039271354675
test_00563,0,0.9903919696807861
test_00564,0,0.9933478236198425
test_00565,0,0.9978817105293274
test_00566,0,0.9983221888542175
test_00567,0,0.9967054724693298
test_00568,0,0.7664511799812317
test_00569,0,0.8956960439682007
test_00570,0,0.9983172416687012
test_00571,0,0.9406137466430664
test_00572,0,0.9997597336769104
test_00573,0,0.9231884479522705
test_00574,0,0.9997653365135193
test_00575,0,0.9923175573348999
test_00576,0,0.5092443823814392
test_00577,0,0.9373608231544495
test_00578,0,0.9218837022781372
test_00579,0,0.9950186014175415
test_00580,0,0.9135415554046631
test_00581,0,0.988932728767395
test_00582,0,0.9886770248413086
test_00583,0,0.5167086720466614
test_00584,0,0.9977021813392639
test_00585,0,0.9858303666114807
test_00586,0,0.9964625239372253
test_00587,0,0.8510583639144897
test_00588,0,0.990605890750885
test_00589,0,0.9989001750946045
test_00590,0,0.8797204494476318
test_00591,1,0.711969256401062
test_00592,0,0.9945758581161499
test_00593,0,0.9878976941108704
test_00594,0,0.9984444975852966
test_00595,0,0.9566407799720764
test_00596,0,0.9933834671974182
test_00597,0,0.9945341348648071
test_00598,0,0.9979274272918701
test_00599,0,0.5420745611190796
test_00600,0,0.9344769716262817
test_00601,0,0.9965135455131531
test_00602,0,0.999747097492218
test_00603,0,0.9806068539619446
test_00604,0,0.9450646042823792
test_00605,0,0.9330063462257385
test_00606,0,0.728251039981842
test_00607,0,0.9986529350280762
test_00608,0,0.9993928670883179
test_00609,0,0.6224024295806885
test_00610,0,0.9988420605659485
test_00611,0,0.9979388117790222
test_00612,0,0.970076322555542
test_00613,0,0.9811373949050903
test_00614,0,0.9990020394325256
test_00615,0,1.0
test_00616,0,0.9922593235969543
test_00617,0,0.9689981341362
test_00618,0,1.0
test_00619,0,0.9922818541526794
test_00620,0,0.9388502240180969
test_00621,0,0.9760001301765442
test_00622,0,0.9868268966674805
test_00623,0,0.9967899918556213
test_00624,0,0.9975622892379761
test_00625,0,0.935756504535675
test_00626,0,0.8434368371963501
test_00627,0,0.9902247786521912
test_00628,0,0.9947912693023682
test_00629,0,0.9959530830383301
test_00630,0,0.9736315608024597
test_00631,0,0.9456104040145874
test_00632,0,0.9971066117286682
test_00633,0,0.7973406314849854
test_00634,0,0.9299876689910889
test_00635,0,0.9884673953056335
test_00636,0,0.9865200519561768
test_00637,0,0.9956564903259277
test_00638,0,0.9974567294120789
test_00639,0,0.9349532127380371
test_00640,0,0.9926401376724243
test_00641,1,0.8003907203674316
test_00642,1,0.9867388010025024
test_00643,1,0.9624394774436951
test_00644,1,0.9434951543807983
test_00645,0,0.901171863079071
test_00646,1,0.9618379473686218
test_00647,0,0.502525269985199
test_00648,1,0.9463684558868408
test_00649,1,0.9487365484237671
test_00650,1,0.7039042711257935
test_00651,1,0.6759777665138245
test_00652,1,0.9930642247200012
test_00653,1,0.9433026909828186
test_00654,1,0.8721851706504822
test_00655,1,0.9602802991867065
test_00656,1,0.9809654355049133
test_00657,0,0.5756553411483765
test_00658,1,0.9047033190727234
test_00659,1,0.9769080877304077
test_00660,1,0.9353680610656738
test_00661,1,0.9694303870201111
test_00662,1,0.9196832776069641
test_00663,1,0.7200101613998413
test_00664,1,0.9913357496261597
test_00665,1,0.864276111125946
test_00666,1,0.7595895528793335
test_00667,1,0.9865393042564392
test_00668,1,0.9472259283065796
test_00669,1,0.9749444127082825
test_00670,1,0.8223327398300171
test_00671,1,0.9284985065460205
test_00672,1,0.9353894591331482
test_00673,1,0.9052148461341858
test_00674,1,0.974259614944458
test_00675,1,0.9233241677284241
test_00676,1,0.9810798168182373
test_00677,1,0.954455554485321
test_00678,1,0.9884123206138611
test_00679,1,0.9425479769706726
test_00680,1,0.881677508354187
test_00681,1,0.7150157690048218
test_00682,1,0.8305245637893677
test_00683,1,0.8802851438522339
test_00684,1,0.859615683555603
test_00685,1,0.9807873964309692
test_00686,0,0.7218802571296692
test_00687,1,0.9103379845619202
test_00688,1,0.7810232639312744
test_00689,1,0.9928467869758606
test_00690,1,0.8201392292976379
test_00691,1,0.7226027250289917
test_00692,1,0.9692534804344177
test_00693,1,0.8554483652114868
test_00694,1,0.9442901611328125
test_00695,1,0.9578672051429749
test_00696,1,0.7633655071258545
test_00697,1,0.8909475803375244
test_00698,1,0.7245266437530518
test_00699,1,0.9669271111488342
test_00700,1,0.9777260422706604
test_00701,1,0.9388510584831238
test_00702,1,0.9664835929870605
test_00703,0,0.606118381023407
test_00704,1,0.6392655968666077
test_00705,1,0.9512577056884766
test_00706,1,0.970445990562439
test_00707,1,0.9427175521850586
test_00708,1,0.9621950387954712
test_00709,1,0.9190143942832947
test_00710,1,0.9848516583442688
test_00711,1,0.9523067474365234
test_00712,1,0.9831445217132568
test_00713,1,0.9493416547775269
test_00714,1,0.6728049516677856
test_00715,1,0.9791983366012573
test_00716,1,0.5587584376335144
test_00717,1,0.9381130933761597
test_00718,0,0.9803240299224854
test_00719,1,0.9535717368125916
test_00720,1,0.9199619889259338
test_00721,1,0.8848512172698975
test_00722,1,0.9673083424568176
test_00723,0,0.5795063972473145
test_00724,1,0.8598319292068481
test_00725,1,0.9655082821846008
test_00726,0,0.5541773438453674
test_00727,1,0.9025131464004517
test_00728,1,0.9467902779579163
test_00729,1,0.924532413482666
test_00730,1,0.9172855019569397
test_00731,1,0.9573752284049988
test_00732,1,0.8802502751350403
test_00733,1,0.9264496564865112
test_00734,0,0.9710369110107422
test_00735,1,0.9772476553916931
test_00736,1,0.9891390204429626
test_00737,0,0.9984071850776672
test_00738,1,0.8487712144851685
test_00739,1,0.9299233555793762
test_00740,1,0.8181169033050537
test_00741,1,0.9305848479270935
test_00742,0,0.8194376826286316
test_00743,1,0.939113199710846
test_00744,1,0.9318810701370239
test_00745,1,0.9868153929710388
test_00746,1,0.9824658632278442
test_00747,1,0.9158129096031189
test_00748,0,0.8428182601928711
test_00749,1,0.8594207167625427
test_00750,1,0.5554757118225098
test_00751,0,0.6140336394309998
test_00752,1,0.8772686123847961
test_00753,1,0.9349569082260132
test_00754,1,0.9506762027740479
test_00755,0,0.920443594455719
test_00756,1,0.7625452876091003
test_00757,1,0.8966130018234253
test_00758,1,0.7147485017776489
test_00759,1,0.7740660309791565
test_00760,1,0.9258296489715576
test_00761,1,0.9799118638038635
test_00762,1,0.6902057528495789
test_00763,1,0.9336290955543518
test_00764,1,0.8330598473548889
test_00765,1,0.9362252354621887
test_00766,1,0.8532493114471436
test_00767,1,0.8541505932807922
test_00768,1,0.7034170031547546
test_00769,1,0.8901020288467407
test_00770,1,0.956976056098938
test_00771,1,0.7918838858604431
test_00772,0,0.9822080731391907
test_00773,1,0.7709354758262634
test_00774,0,0.7787338495254517
test_00775,1,0.9292132258415222
test_00776,1,0.7787002921104431
test_00777,1,0.9289384484291077
test_00778,0,0.6759291291236877
test_00779,1,0.801254391670227
test_00780,0,0.8315140604972839
test_00781,1,0.7014214396476746
test_00782,1,0.8375656008720398
test_00783,0,0.6301043629646301
test_00784,1,0.9613945484161377
test_00785,1,0.8392830491065979
test_00786,0,0.9625117182731628
test_00787,1,0.7628728151321411
test_00788,1,0.950461745262146
test_00789,1,0.9146995544433594
test_00790,1,0.9610016345977783
test_00791,1,0.9590673446655273
test_00792,1,0.9838771224021912
test_00793,0,0.9592339992523193
test_00794,1,0.8927451968193054
test_00795,0,0.8288231492042542
test_00796,1,0.7859407663345337
test_00797,1,0.8980376124382019
test_00798,1,0.9543378949165344
test_00799,1,0.8838337063789368
test_00800,1,0.9036598801612854
test_00801,1,0.8986380100250244
test_00802,0,0.6675354838371277
test_00803,1,0.8886680603027344
test_00804,0,0.6107273697853088
test_00805,1,0.9248017072677612
test_00806,1,0.9602218866348267
test_00807,1,0.8372731804847717
test_00808,1,0.9679268598556519
test_00809,1,0.5166224241256714
test_00810,1,0.9748425483703613
test_00811,1,0.8109980821609497
test_00812,1,0.8468883037567139
test_00813,1,0.7974371910095215
test_00814,0,0.6930806040763855
test_00815,1,0.968568742275238
test_00816,1,0.8972914218902588
test_00817,1,0.7613609433174133
test_00818,1,0.908141553401947
test_00819,1,0.9049631953239441
test_00820,1,0.6046534180641174
test_00821,1,0.9731340408325195
test_00822,0,0.8268948793411255
test_00823,1,0.9272643327713013
test_00824,1,0.9321119785308838
test_00825,1,0.8046616315841675
test_00826,1,0.671316385269165
test_00827,1,0.8865393400192261
test_00828,0,0.9890698194503784
test_00829,1,0.9354845881462097
test_00830,1,0.8210927844047546
test_00831,1,0.6491758823394775
test_00832,1,0.8911900520324707
test_00833,1,0.9734312295913696
test_00834,1,0.9152860045433044
test_00835,1,0.9345116019248962
test_00836,1,0.9873577356338501
test_00837,1,0.9641119837760925
test_00838,0,0.8702483177185059
test_00839,1,0.504109263420105
test_00840,1,0.992605447769165
test_00841,0,0.885284960269928
test_00842,1,0.9826626777648926
test_00843,0,0.7811713814735413
test_00844,1,0.6798686385154724
test_00845,1,0.9623507857322693
test_00846,0,0.9243254065513611
test_00847,1,0.8276987075805664
test_00848,0,0.9741390943527222
test_00849,0,0.916387677192688
test_00850,1,0.8913701772689819
test_00851,1,0.7683386206626892
test_00852,1,0.9149273037910461
test_00853,0,0.9360771775245667
test_00854,0,0.7029213309288025
test_00855,0,0.7114682197570801
test_00856,0,0.9837840795516968
test_00857,1,0.968206524848938
test_00858,0,0.5166306495666504
test_00859,1,0.8705980181694031
test_00860,1,0.9482659101486206
test_00861,1,0.8005412817001343
test_00862,0,0.5353342294692993
test_00863,1,0.8454016447067261
test_00864,0,0.608405351638794
test_00865,1,0.7278020977973938
test_00866,1,0.6858661770820618
test_00867,1,0.7154207825660706
test_00868,0,0.9907485842704773
test_00869,1,0.966748833656311
test_00870,1,0.7349866032600403
test_00871,1,0.7624127864837646
test_00872,1,0.8917748928070068
test_00873,0,0.9955124258995056
test_00874,0,0.9840977787971497
test_00875,1,0.8034873008728027
test_00876,1,0.9562963843345642
test_00877,1,0.7865828275680542
test_00878,0,0.975663423538208
test_00879,1,0.9545580148696899
test_00880,1,0.9791176319122314
test_00881,0,0.6754151582717896
test_00882,1,0.7945418953895569
test_00883,0,0.9953656196594238
test_00884,1,0.9847395420074463
test_00885,1,0.9772602915763855
test_00886,0,0.5372718572616577
test_00887,0,0.9864112734794617
test_00888,1,0.7213923335075378
test_00889,1,0.9863553643226624
test_00890,0,0.9947159886360168
test_00891,0,0.6100963950157166
test_00892,0,0.87868732213974
test_00893,1,0.9188248515129089
test_00894,0,0.7976530194282532
test_00895,1,0.9628558158874512
test_00896,1,0.8106012344360352
test_00897,1,0.9387972950935364
test_00898,1,0.8719030618667603
test_00899,0,0.9968649744987488
test_00900,1,0.8005512952804565
test_00901,1,0.7539615631103516
test_00902,0,0.9611660838127136
test_00903,0,0.9903818964958191
test_00904,1,0.8366183042526245
test_00905,1,0.5397869944572449
test_00906,0,0.9796584844589233
test_00907,1,0.8109525442123413
test_00908,0,0.9979289770126343
test_00909,0,0.9987223744392395
test_00910,1,0.8614339828491211
test_00911,1,0.8923353552818298
test_00912,0,0.9996318817138672
test_00913,1,0.714279294013977
test_00914,1,0.9057871699333191
test_00915,1,0.5612745881080627
test_00916,0,0.7491726875305176
test_00917,1,0.9611383676528931
test_00918,1,0.9378543496131897
test_00919,1,0.6628075838088989
test_00920,0,0.9305152297019958
test_00921,1,0.9907754063606262
test_00922,1,0.7752412557601929
test_00923,0,0.5335642695426941
test_00924,1,0.9353940486907959
test_00925,1,0.7382075190544128
test_00926,1,0.9114581942558289
test_00927,1,0.9375235438346863
test_00928,0,0.9998102784156799
test_00929,0,0.8722168803215027
test_00930,0,0.9562458992004395
test_00931,1,0.9660738706588745
test_00932,1,0.9888368844985962
test_00933,1,0.9704868793487549
test_00934,1,0.6751627326011658
test_00935,1,0.9805734753608704
test_00936,1,0.8452334403991699
test_00937,1,0.943832516670227
test_00938,1,0.9595121741294861
test_00939,1,0.5599257349967957
test_00940,0,0.99795001745224
test_00941,0,0.9845518469810486
test_00942,1,0.7505639791488647
test_00943,1,0.9597558975219727
test_00944,1,0.9589756727218628
test_00945,0,0.762195885181427
test_00946,1,0.6880530714988708
test_00947,1,0.7423504590988159
test_00948,1,0.9185600280761719
test_00949,0,0.8718056082725525
test_00950,0,0.9164642691612244
test_00951,1,0.6822105050086975
test_00952,1,0.9305689334869385
test_00953,1,0.9697293639183044
test_00954,0,0.998846173286438
test_00955,1,0.9426504969596863
test_00956,1,0.8300913572311401
test_00957,0,0.9578887224197388
test_00958,1,0.9756574630737305
test_00959,0,0.9950398802757263
test_00960,1,0.9492225646972656
test_00961,1,0.9618637561798096
test_00962,1,0.9937741756439209
test_00963,1,0.9457259178161621
test_00964,1,0.7632811069488525
test_00965,1,0.9467958211898804
test_00966,1,0.9750730395317078
test_00967,1,0.9302679896354675
test_00968,1,0.9206385612487793
test_00969,1,0.8678332567214966
test_00970,1,0.9673963189125061
test_00971,1,0.9450526833534241
test_00972,1,0.9012029767036438
test_00973,1,0.8981531858444214
test_00974,1,0.9437009692192078
test_00975,0,0.7247492074966431
test_00976,1,0.8980081081390381
test_00977,0,0.8754392862319946
test_00978,1,0.9286741614341736
test_00979,1,0.9733404517173767
test_00980,1,0.9624476432800293
test_00981,1,0.7652965784072876
test_00982,1,0.97930508852005
test_00983,1,0.965976357460022
test_00984,1,0.9901331663131714
test_00985,1,0.6549375653266907
test_00986,1,0.9943209886550903
test_00987,1,0.8209925293922424
test_00988,1,0.64975506067276
test_00989,1,0.9317491054534912
test_00990,1,0.9611601829528809
test_00991,1,0.9258682727813721
test_00992,1,0.8073195219039917
test_00993,1,0.9754363298416138
test_00994,1,0.9429050087928772
test_00995,1,0.8401492238044739
test_00996,1,0.9794548749923706
test_00997,1,0.837131142616272
test_00998,1,0.8674970269203186
test_00999,1,0.9548760652542114
test_01000,1,0.6778450608253479
test_01001,1,0.6001015901565552
test_01002,1,0.9385887384414673
test_01003,1,0.9298849105834961
test_01004,1,0.839237630367279
test_01005,1,0.8012235164642334
test_01006,1,0.9040904641151428
test_01007,1,0.9742966294288635
test_01008,1,0.834007978439331
test_01009,0,0.5669084787368774
test_01010,1,0.9423822164535522
test_01011,0,0.5799241065979004
test_01012,1,0.8459111452102661
test_01013,1,0.8876194357872009
test_01014,1,0.9626278877258301
test_01015,1,0.9856573939323425
test_01016,0,0.8891700506210327
test_01017,1,0.9734233617782593
test_01018,1,0.9858549237251282
test_01019,1,0.875389575958252
test_01020,0,0.7600598335266113
test_01021,0,0.9456467032432556
test_01022,1,0.717395544052124
test_01023,1,0.9095801115036011
test_01024,1,0.9386788010597229
test_01025,1,0.9417874217033386
test_01026,0,0.5929701328277588
test_01027,1,0.9204607605934143
test_01028,1,0.969330906867981
test_01029,1,0.7711081504821777
test_01030,1,0.9936652183532715
test_01031,1,0.9643676280975342
test_01032,1,0.9656729698181152
test_01033,1,0.6262482404708862
test_01034,1,0.9200485348701477
test_01035,1,0.9139465093612671
test_01036,1,0.9454707503318787
test_01037,1,0.9668177962303162
test_01038,1,0.9408366680145264
test_01039,0,0.6218615770339966
test_01040,1,0.9499727487564087
test_01041,1,0.8984969258308411
test_01042,1,0.8992142677307129
test_01043,1,0.7398302555084229
test_01044,1,0.7704178094863892
test_01045,1,0.986056923866272
test_01046,1,0.7202741503715515
test_01047,1,0.788324236869812
test_01048,1,0.6600890755653381
test_01049,1,0.9088605046272278
test_01050,1,0.9686875939369202
test_01051,1,0.9411550164222717
test_01052,1,0.5987238883972168
test_01053,1,0.8572707772254944
test_01054,1,0.9707620143890381
test_01055,1,0.9955098628997803
test_01056,0,0.5581361055374146
test_01057,1,0.5434799194335938
test_01058,1,0.9433150291442871
test_01059,1,0.791165828704834
test_01060,0,0.9996392726898193
test_01061,1,0.8420893549919128
test_01062,1,0.9687284231185913
test_01063,1,0.920061469078064
test_01064,1,0.948646068572998
test_01065,1,0.9274190068244934
test_01066,1,0.9246671199798584
test_01067,1,0.7599443793296814
test_01068,0,0.8500129580497742
test_01069,1,0.8306243419647217
test_01070,1,0.9597444534301758
test_01071,0,0.807843029499054
test_01072,1,0.9656148552894592
test_01073,0,0.9365310668945312
test_01074,1,0.5198488831520081
test_01075,0,0.7243589162826538
test_01076,0,0.9545973539352417
test_01077,1,0.9217728972434998
test_01078,0,0.7870194911956787
test_01079,1,0.9304508566856384
test_01080,0,0.6668933033943176
test_01081,1,0.8921017646789551
test_01082,1,0.85560142993927
test_01083,1,0.906028687953949
test_01084,1,0.9675648212432861
test_01085,1,0.683039128780365
test_01086,1,0.8233160376548767
test_01087,1,0.7590161561965942
test_01088,1,0.9150286316871643
test_01089,1,0.7685291171073914
test_01090,1,0.8705728054046631
test_01091,0,0.9275239109992981
test_01092,1,0.9018170833587646
test_01093,1,0.9099981784820557
test_01094,0,0.6881303787231445
test_01095,0,0.8469392657279968
test_01096,0,0.9828855991363525
test_01097,0,0.7733480334281921
test_01098,1,0.9600719213485718
test_01099,1,0.9390984773635864
test_01100,1,0.844476044178009
test_01101,1,0.9484639763832092
test_01102,1,0.9801579117774963
test_01103,1,0.5021682977676392
test_01104,1,0.9220780730247498
test_01105,1,0.9232748746871948
test_01106,1,0.9289884567260742
test_01107,1,0.8977303504943848
test_01108,0,0.5853552222251892
test_01109,1,0.8811292052268982
test_01110,1,0.9639427661895752
test_01111,1,0.9215705394744873
test_01112,0,0.9388186931610107
test_01113,1,0.8502558469772339
test_01114,1,0.9822148680686951
test_01115,1,0.9927045702934265
test_01116,1,0.7796711921691895
test_01117,1,0.9372682571411133
test_01118,1,0.9654640555381775
test_01119,0,0.9354549646377563
test_01120,1,0.7367362976074219
test_01121,1,0.9677749872207642
test_01122,1,0.9719629883766174
test_01123,1,0.9021908044815063
test_01124,1,0.9721707701683044
test_01125,1,0.9276125431060791
test_01126,1,0.8866692185401917
test_01127,0,0.8179667592048645
test_01128,1,0.9139867424964905
test_01129,1,0.9156787395477295
test_01130,1,0.9009671807289124
test_01131,0,0.7997623682022095
test_01132,1,0.571689784526825
test_01133,1,0.9660906791687012
test_01134,1,0.8205356001853943
test_01135,1,0.8726868629455566
test_01136,0,0.9994688630104065
test_01137,1,0.8631311058998108
test_01138,1,0.8949750065803528
test_01139,1,0.9027374982833862
test_01140,1,0.7206180691719055
test_01141,0,0.8505275845527649
test_01142,1,0.8605561256408691
test_01143,1,0.8661053776741028
test_01144,0,0.9956438541412354
test_01145,1,0.8869695663452148
test_01146,0,0.878351092338562
test_01147,1,0.5535945296287537
test_01148,1,0.9657076597213745
test_01149,1,0.8888945579528809
test_01150,1,0.9664044380187988
test_01151,1,0.7377158403396606
test_01152,0,0.9692091345787048
test_01153,1,0.6223883628845215
test_01154,0,0.6453897356987
test_01155,0,0.960781455039978
test_01156,1,0.9587783813476562
test_01157,1,0.9160914421081543
test_01158,1,0.8732717037200928
test_01159,1,0.79318767786026
test_01160,1,0.9759006500244141
test_01161,1,0.6580767631530762
test_01162,1,0.9603453278541565
test_01163,1,0.9744287729263306
test_01164,1,0.9788362383842468
test_01165,0,0.926424503326416
test_01166,0,0.9194411039352417
test_01167,1,0.6582973599433899
test_01168,0,0.871376097202301
test_01169,0,0.9997195601463318
test_01170,1,0.9759722352027893
test_01171,1,0.974726140499115
test_01172,1,0.9314562082290649
test_01173,1,0.5236775875091553
test_01174,0,0.642765998840332
test_01175,0,0.6305298209190369
test_01176,1,0.8696100115776062
test_01177,1,0.7236024141311646
test_01178,1,0.8571159839630127
test_01179,1,0.9658458828926086
test_01180,1,0.7447521090507507
test_01181,1,0.9445582032203674
test_01182,1,0.8192384243011475
test_01183,0,0.7244945168495178
test_01184,1,0.9931991696357727
